,eta,nesterov,reg_type,reg_val,accuracy,loss,val_loss
0,0.01,0.8,L2,1e-07,7.269340804946636,0.06530675710685689,29.9135707188141
1,0.01,0.8,L1,1e-07,7.268090409929542,0.065288055463743,29.90557198524367
